<wsp:Policy wsu:Id="UsernameToken"
	xmlns:wsp="http://schemas.xmlsoap.org/ws/2004/09/policy"
	xmlns:wsu="http://docs.oasis-open.org/wss/2004/01/oasis-200401-wss-wssecurity-utility-1.0.xsd">
	<wsp:ExactlyOne>
		<wsp:All>
			<sp:SupportingTokens
				xmlns:sp="http://docs.oasis-open.org/ws-sx/ws-securitypolicy/200702">
				<wsp:Policy>
					<sp:UsernameToken
						sp:IncludeToken="http://docs.oasis-open.org/ws-sx/ws-securitypolicy/200702/IncludeToken/AlwaysToRecipient" />

				</wsp:Policy>
			</sp:SupportingTokens>
			<wssc:CallbackHandlerConfiguration
				wspp:visibility="private"
				xmlns:wssc="http://schemas.sun.com/2006/03/wss/client"
				xmlns:wspp="http://java.sun.com/xml/ns/wsit/policy">
				<wssc:CallbackHandler
					name="usernameHandler" classname="es.unican.ss.SSEstimacionParadasTUS.UserPasswordCallbackHandler" />
				<wssc:CallbackHandler name="passwordHandler"
					classname="es.unican.ss.SSEstimacionParadasTUS.UserPasswordCallbackHandler" />
			</wssc:CallbackHandlerConfiguration>
		</wsp:All>
	</wsp:ExactlyOne>
</wsp:Policy>